{
  "timestamp": "2025-12-23T21:40:02",
  "accuracy_mean": 0.9285,
  "accuracy_std": 0.0026874192494328432,
  "accuracy_per_fold": [
    0.925,
    0.931,
    0.9313333333333333,
    0.927,
    0.9281666666666667
  ],
  "precision_mean": 0.9202523093472472,
  "precision_std": 0.004208693693205285,
  "precision_per_fold": [
    0.9134241245136187,
    0.9217221135029354,
    0.9231523871811642,
    0.919175392670157,
    0.9237875288683602
  ],
  "recall_mean": 0.9383333333333332,
  "recall_std": 0.0035355339059327043,
  "recall_per_fold": [
    0.939,
    0.942,
    0.941,
    0.9363333333333334,
    0.9333333333333333
  ],
  "f1_mean": 0.9291975863419168,
  "f1_std": 0.0026016903854331184,
  "f1_per_fold": [
    0.9260355029585798,
    0.9317507418397626,
    0.9319907560250907,
    0.9276750330250991,
    0.9285358978610513
  ],
  "roc_auc_mean": 0.9796161999999999,
  "roc_auc_std": 0.001358067420915931,
  "roc_auc_per_fold": [
    0.9779348888888887,
    0.9810642222222222,
    0.9806594444444444,
    0.9799314444444445,
    0.978491
  ]
}